sample-id	barcode-sequence	forward-absolute-filepath	reverse-absolute-filepath	sample_base_id	replicate_type	age_years	gestational_weeks	weight_kg	height_m	bmi	ethnicity_code	socioeconomic_stratum	fever	dysuria	vaginal_discharge	vaginal_swelling	vaginal_itching	vaginal_irritation	other_symptom	vaginal_hygiene_product	smoking	alcohol_use	previous_vaginal_infection	previous_urinary_infection	gravidity	parity	cesarean_count	abortion_count	children_count	delivery_complication	newborn_complication	prenatal_care	pregnancy_associated_disease	pre_pregnancy_antibiotics	sex_3d_before_pregnancy	lactobacillus_grade	epithelial_cells_grade	pmn_grade	yeast_grade	coccobacilli_grade	clue_cells_grade	mobiluncus_grade	gram_negative_curved_rods_grade	gram_negative_bacilli_grade	hyphae_yeast_grade	microscopy_result_code	nugent_lactobacillus_points	nugent_coccobacilli_points	nugent_mobiluncus_points	nugent_score_estimated	nugent_category_estimated	nugent_score_method
#q2:types	categorical			categorical	categorical	numeric	numeric	numeric	numeric	numeric	categorical	categorical	categorical	categorical	categorical	categorical	categorical	categorical	categorical	categorical	categorical	categorical	categorical	categorical	numeric	numeric	numeric	numeric	numeric	categorical	categorical	categorical	categorical	categorical	categorical	categorical	categorical	categorical	categorical	categorical	categorical	categorical	categorical	categorical	categorical	categorical	numeric	numeric	numeric	numeric	categorical	categorical
CGV001	GCTCAGGATAATCTTA	/home/rare/arlen/16S_colombian_vaginal_microbiome/data/input_files/CGV001_R1.fastq.gz	/home/rare/arlen/16S_colombian_vaginal_microbiome/data/input_files/CGV001_R2.fastq.gz	CGV001	primary	19	20	64.9	1.63	24.43	3	2	no	no	yes	no	no	no	no	none	no	no	yes	yes	1				2	no	no	yes	no	no	no	grade_3	grade_2	grade_0_not_observed	grade_0_not_observed	grade_0_not_observed	grade_0_not_observed	grade_0_not_observed	grade_0_not_observed	grade_0_not_observed	grade_0_not_observed	2	1	0	0	1	normal	estimated_from_morphotype_grades_blank_as_absent
CGV002	AGGAGTCCCTAATCGA	/home/rare/arlen/16S_colombian_vaginal_microbiome/data/input_files/CGV002_R1.fastq.gz	/home/rare/arlen/16S_colombian_vaginal_microbiome/data/input_files/CGV002_R2.fastq.gz	CGV002	primary	26	20.6	56.5	1.56	23.22	3	2	no	no	yes	no	no	no	no	none	no	no	yes	no	2	1			1	no	yes	yes	no	no	no	grade_3	grade_1	grade_0_not_observed	grade_0_not_observed	grade_0_not_observed	grade_0_not_observed	grade_0_not_observed	grade_0_not_observed	grade_0_not_observed	grade_0_not_observed	2	1	0	0	1	normal	estimated_from_morphotype_grades_blank_as_absent
CGV003	AGGAGTCCTCTCTCCG	/home/rare/arlen/16S_colombian_vaginal_microbiome/data/input_files/CGV003_R1.fastq.gz	/home/rare/arlen/16S_colombian_vaginal_microbiome/data/input_files/CGV003_R2.fastq.gz	CGV003	primary	34	3	54.4	1.6	21.25	3	2	no	no	yes	no	no	no	no	protectors	no	no	no	no	5		1	3	1	yes	yes	yes	yes	no	no	grade_3	grade_2	grade_0_not_observed	grade_0_not_observed	grade_0_not_observed	grade_0_not_observed	grade_0_not_observed	grade_0_not_observed	grade_0_not_observed	grade_0_not_observed	2	1	0	0	1	normal	estimated_from_morphotype_grades_blank_as_absent
CGV004	AGGAGTCCTATCCTCT	/home/rare/arlen/16S_colombian_vaginal_microbiome/data/input_files/CGV004_R1.fastq.gz	/home/rare/arlen/16S_colombian_vaginal_microbiome/data/input_files/CGV004_R2.fastq.gz	CGV004	primary	24	13.5	60.1	1.54	25.34	1	2	no	no	yes	no	no	no	no	protectors	no	no	no	no	2	1			1	no	no	yes	no	no	no	grade_3	grade_3	grade_3	grade_0_not_observed	grade_0_not_observed	grade_0_not_observed	grade_0_not_observed	grade_0_not_observed	grade_0_not_observed	grade_0_not_observed	2	1	0	0	1	normal	estimated_from_morphotype_grades_blank_as_absent
CGV005	AGGAGTCCCCTAGAGT	/home/rare/arlen/16S_colombian_vaginal_microbiome/data/input_files/CGV005_R1.fastq.gz	/home/rare/arlen/16S_colombian_vaginal_microbiome/data/input_files/CGV005_R2.fastq.gz	CGV005	primary	16	12.3	71.7	1.54	30.23	1	1	no	no	yes	yes	no	no	no	none	no	no	no	no	1				2	no	no	yes	no	no	no	grade_4	grade_3	grade_1	grade_0_not_observed	grade_0_not_observed	grade_0_not_observed	grade_0_not_observed	grade_0_not_observed	grade_0_not_observed	grade_0_not_observed	2	0	0	0	0	normal	estimated_from_morphotype_grades_blank_as_absent
CGV006	GCTCAGGACTATTAAG	/home/rare/arlen/16S_colombian_vaginal_microbiome/data/input_files/CGV006_R1.fastq.gz	/home/rare/arlen/16S_colombian_vaginal_microbiome/data/input_files/CGV006_R2.fastq.gz	CGV006	primary	36	22	63	1.57	25.56	3	2	no	no	yes	no	no	no	no	none	no	no	no	no	2	1			1	no	no	yes	no	no	no	grade_3	grade_1	grade_0_not_observed	grade_0_not_observed	grade_0_not_observed	grade_0_not_observed	grade_0_not_observed	grade_0_not_observed	grade_0_not_observed	grade_0_not_observed	2	1	0	0	1	normal	estimated_from_morphotype_grades_blank_as_absent
CGV007	GCTCAGGAGTAAGGAG	/home/rare/arlen/16S_colombian_vaginal_microbiome/data/input_files/CGV007_R1.fastq.gz	/home/rare/arlen/16S_colombian_vaginal_microbiome/data/input_files/CGV007_R2.fastq.gz	CGV007	primary	26	9.3	88.2	1.68	31.25	3	2	no	no	yes	yes	no	no	no	none	no	no	no	no	1				2	no	no	no	no	no	no	grade_1	grade_0_not_observed	grade_2	grade_0_not_observed	grade_0_not_observed	grade_0_not_observed	grade_0_not_observed	grade_0_not_observed	grade_0_not_observed	grade_0_not_observed	2	3	0	0	3	normal	estimated_from_morphotype_grades_blank_as_absent
CGV008	GCTCAGGAAGAGTAGA	/home/rare/arlen/16S_colombian_vaginal_microbiome/data/input_files/CGV008_R1.fastq.gz	/home/rare/arlen/16S_colombian_vaginal_microbiome/data/input_files/CGV008_R2.fastq.gz	CGV008	primary	20	21.5	79.5	1.76	25.67	3	2	no	no	yes	no	no	no	yes	none	no	no	no	no	1				2	no	no	yes	no	no	no	grade_4	grade_2	grade_2	grade_0_not_observed	grade_0_not_observed	grade_0_not_observed	grade_0_not_observed	grade_0_not_observed	grade_0_not_observed	grade_0_not_observed	2	0	0	0	0	normal	estimated_from_morphotype_grades_blank_as_absent
CGV009	AGGAGTCCCTCTCTAT	/home/rare/arlen/16S_colombian_vaginal_microbiome/data/input_files/CGV009_R1.fastq.gz	/home/rare/arlen/16S_colombian_vaginal_microbiome/data/input_files/CGV009_R2.fastq.gz	CGV009	primary	27	23.5	64.2	1.53	27.43	1	1	no	no	yes	no	no	no	no	none	no	no	no	no	1				2	no	no	yes	no	no	no	grade_3	grade_4	grade_0_not_observed	grade_0_not_observed	grade_0_not_observed	grade_0_not_observed	grade_0_not_observed	grade_0_not_observed	grade_0_not_observed	grade_0_not_observed	2	1	0	0	1	normal	estimated_from_morphotype_grades_blank_as_absent
CGV010	AGGAGTCCCAGGACGT	/home/rare/arlen/16S_colombian_vaginal_microbiome/data/input_files/CGV010_R1.fastq.gz	/home/rare/arlen/16S_colombian_vaginal_microbiome/data/input_files/CGV010_R2.fastq.gz	CGV010	primary	25	28.3	81.3	1.56	33.41	3	1	no	no	yes	no	no	yes	no	protectors	no	no	no	no	2	1			1	no	no	yes	no	no	no	grade_4	grade_2	grade_2	grade_0_not_observed	grade_0_not_observed	grade_0_not_observed	grade_0_not_observed	grade_0_not_observed	grade_0_not_observed	grade_0_not_observed	2	0	0	0	0	normal	estimated_from_morphotype_grades_blank_as_absent
CGV011	AGGAGTCCTGAACCTT	/home/rare/arlen/16S_colombian_vaginal_microbiome/data/input_files/CGV011_R1.fastq.gz	/home/rare/arlen/16S_colombian_vaginal_microbiome/data/input_files/CGV011_R2.fastq.gz	CGV011	primary	19	34.1	52.4	1.6	20.47	3	2	no	no	yes	no	no	yes	no	douches	no	no	yes	no	1				2	no	no	no	no	no	no	grade_1	grade_1	grade_0_not_observed	grade_1	grade_0_not_observed	grade_0_not_observed	grade_0_not_observed	grade_0_not_observed	grade_0_not_observed	grade_0_not_observed	2	3	0	0	3	normal	estimated_from_morphotype_grades_blank_as_absent
CGV011dup	AGGAGTCCCGTCTAAT	/home/rare/arlen/16S_colombian_vaginal_microbiome/data/input_files/CGV011dup_R1.fastq.gz	/home/rare/arlen/16S_colombian_vaginal_microbiome/data/input_files/CGV011dup_R2.fastq.gz	CGV011	technical_duplicate	19	34.1	52.4	1.6	20.47	3	2	no	no	yes	no	no	yes	no	douches	no	no	yes	no	1				2	no	no	no	no	no	no	grade_1	grade_1	grade_0_not_observed	grade_0_not_observed	grade_0_not_observed	grade_0_not_observed	grade_0_not_observed	grade_0_not_observed	grade_0_not_observed	grade_0_not_observed	not_reported	3	0	0	3	normal	estimated_from_morphotype_grades_blank_as_absent
CGV012	GCTCAGGACCTATCCT	/home/rare/arlen/16S_colombian_vaginal_microbiome/data/input_files/CGV012_R1.fastq.gz	/home/rare/arlen/16S_colombian_vaginal_microbiome/data/input_files/CGV012_R2.fastq.gz	CGV012	primary	27	17.1	59.5	1.58	23.83	1	1	no	no	yes	no	no	no	no	none	no	no	yes	no	1				2	no	no	yes	no	no	no	grade_0_not_observed	grade_4	grade_0_not_observed	grade_1	grade_4	grade_2	grade_0_not_observed	grade_0_not_observed	grade_0_not_observed	grade_0_not_observed	4	4	4	0	8	bv	estimated_from_morphotype_grades_blank_as_absent
CGV013	GCTCAGGATAAGTTCC	/home/rare/arlen/16S_colombian_vaginal_microbiome/data/input_files/CGV013_R1.fastq.gz	/home/rare/arlen/16S_colombian_vaginal_microbiome/data/input_files/CGV013_R2.fastq.gz	CGV013	primary	32	11	60	1.66	21.77	1	2	no	no	yes	no	yes	no	no	none	no	no	no	no	2		1		1	yes	yes	yes	yes	no	no	grade_4	grade_2	grade_2	grade_0_not_observed	grade_0_not_observed	grade_0_not_observed	grade_0_not_observed	grade_0_not_observed	grade_0_not_observed	grade_0_not_observed	2	0	0	0	0	normal	estimated_from_morphotype_grades_blank_as_absent
CGV013dup	AGGAGTCCAGAGTAGA	/home/rare/arlen/16S_colombian_vaginal_microbiome/data/input_files/CGV013dup_R1.fastq.gz	/home/rare/arlen/16S_colombian_vaginal_microbiome/data/input_files/CGV013dup_R2.fastq.gz	CGV013	technical_duplicate	32	11	60	1.66	21.77	1	2	no	no	yes	no	yes	no	no	none	no	no	no	no	2		1		1	yes	yes	yes	yes	no	no	grade_4	grade_2	grade_2	grade_0_not_observed	grade_0_not_observed	grade_0_not_observed	grade_0_not_observed	grade_0_not_observed	grade_0_not_observed	grade_0_not_observed	2	0	0	0	0	normal	estimated_from_morphotype_grades_blank_as_absent
CGV014	GCTCAGGATGCTAAGT	/home/rare/arlen/16S_colombian_vaginal_microbiome/data/input_files/CGV014_R1.fastq.gz	/home/rare/arlen/16S_colombian_vaginal_microbiome/data/input_files/CGV014_R2.fastq.gz	CGV014	primary	20	5.1	61.9	1.7	21.42	3	not_reported	no	no	yes	no	no	no	no	none	no	no	no	no	1				2	no	no	yes	no	no	no	grade_2	grade_2	grade_1	grade_0_not_observed	grade_0_not_observed	grade_0_not_observed	grade_0_not_observed	grade_0_not_observed	grade_0_not_observed	grade_0_not_observed	2	2	0	0	2	normal	estimated_from_morphotype_grades_blank_as_absent
CGV015	AGGAGTCCGGCTCTGA	/home/rare/arlen/16S_colombian_vaginal_microbiome/data/input_files/CGV015_R1.fastq.gz	/home/rare/arlen/16S_colombian_vaginal_microbiome/data/input_files/CGV015_R2.fastq.gz	CGV015	primary	27	22.2	73.4	1.62	27.97	1	1	no	no	yes	no	no	no	no	protectors	no	no	yes	yes	3	1	1		1	no	yes	yes	yes	no	no	grade_0_not_observed	grade_3	grade_0_not_observed	grade_0_not_observed	grade_4	grade_2	grade_2	grade_0_not_observed	grade_0_not_observed	grade_0_not_observed	3	4	4	1	9	bv	estimated_from_morphotype_grades_blank_as_absent
CGV016	GCTCAGGATCTCTCCG	/home/rare/arlen/16S_colombian_vaginal_microbiome/data/input_files/CGV016_R1.fastq.gz	/home/rare/arlen/16S_colombian_vaginal_microbiome/data/input_files/CGV016_R2.fastq.gz	CGV016	primary	43	31.3	72	1.5	32	3	1	no	no	yes	no	no	yes	no	protectors	no	no	yes	no	5	1	1	2	1	yes	no	yes	yes	no	no	grade_3	grade_2	grade_2	grade_0_not_observed	grade_0_not_observed	grade_0_not_observed	grade_0_not_observed	grade_0_not_observed	grade_0_not_observed	grade_0_not_observed	4	1	0	0	1	normal	estimated_from_morphotype_grades_blank_as_absent
CGV017	GCTCAGGACTAAGCCT	/home/rare/arlen/16S_colombian_vaginal_microbiome/data/input_files/CGV017_R1.fastq.gz	/home/rare/arlen/16S_colombian_vaginal_microbiome/data/input_files/CGV017_R2.fastq.gz	CGV017	primary	21	36		1.57		3	2	no	no	yes	no	yes	no	no	none	no	no	yes	yes	1				2	no	no	yes	no	no	no	grade_0_not_observed	grade_3	grade_0_not_observed	grade_1	grade_0_not_observed	grade_4	grade_2	grade_0_not_observed	grade_0_not_observed	grade_0_not_observed	3	4	0	1	5	intermediate	estimated_from_morphotype_grades_blank_as_absent
CGV018	GCTCAGGACTAGAACA	/home/rare/arlen/16S_colombian_vaginal_microbiome/data/input_files/CGV018_R1.fastq.gz	/home/rare/arlen/16S_colombian_vaginal_microbiome/data/input_files/CGV018_R2.fastq.gz	CGV018	primary	15	14.1	67	1.58	26.84	1	1	no	yes	yes	no	no	no	no	none	no	no	no	no	1				2	no	no	yes	no	no	no	grade_1	grade_2	grade_2	grade_1	grade_2	grade_0_not_observed	grade_0_not_observed	grade_0_not_observed	grade_0_not_observed	grade_0_not_observed	2	3	2	0	5	intermediate	estimated_from_morphotype_grades_blank_as_absent
CGV018dup	GCTCAGGAGAGCCTTA	/home/rare/arlen/16S_colombian_vaginal_microbiome/data/input_files/CGV018dup_R1.fastq.gz	/home/rare/arlen/16S_colombian_vaginal_microbiome/data/input_files/CGV018dup_R2.fastq.gz	CGV018	technical_duplicate	15	14.1	67	1.58	26.84	1	1	no	yes	yes	no	no	no	no	none	no	no	no	no	1				2	no	no	yes	no	no	no	grade_1	grade_2	grade_2	grade_1	grade_2	grade_0_not_observed	grade_0_not_observed	grade_0_not_observed	grade_0_not_observed	grade_0_not_observed	2	3	2	0	5	intermediate	estimated_from_morphotype_grades_blank_as_absent
CGV019	GCTCAGGAGTACTGAC	/home/rare/arlen/16S_colombian_vaginal_microbiome/data/input_files/CGV019_R1.fastq.gz	/home/rare/arlen/16S_colombian_vaginal_microbiome/data/input_files/CGV019_R2.fastq.gz	CGV019	primary	33	15.1	68.8	1.58	27.56	1	1	no	no	yes	no	yes	yes	no	douches	no	no	yes	yes	2	1			1	no	no	yes	no	no	no	grade_0_not_observed	grade_4	grade_1	grade_0_not_observed	grade_0_not_observed	grade_4	grade_4	grade_0_not_observed	grade_1	grade_0_not_observed	4	4	0	2	6	intermediate	estimated_from_morphotype_grades_blank_as_absent
CGV020	GCTCAGGAGGCTCTGA	/home/rare/arlen/16S_colombian_vaginal_microbiome/data/input_files/CGV020_R1.fastq.gz	/home/rare/arlen/16S_colombian_vaginal_microbiome/data/input_files/CGV020_R2.fastq.gz	CGV020	primary	21	21.4	60.6	1.59	23.97	3	1	no	no	yes	no	yes	yes	no	none	no	no	no	yes	2	1			1	no	no	yes	no	no	no	grade_4	grade_3	grade_0_not_observed	grade_0_not_observed	grade_0_not_observed	grade_0_not_observed	grade_0_not_observed	grade_0_not_observed	grade_1	grade_0_not_observed	4	0	0	0	0	normal	estimated_from_morphotype_grades_blank_as_absent
CGV021	AGGAGTCCCTAAGCCT	/home/rare/arlen/16S_colombian_vaginal_microbiome/data/input_files/CGV021_R1.fastq.gz	/home/rare/arlen/16S_colombian_vaginal_microbiome/data/input_files/CGV021_R2.fastq.gz	CGV021	primary	26	9.4				1	1	no	no	no	no	no	no	no	none	no	no	yes	no	1				2	no	no	yes	no	no	no	grade_4	grade_1	grade_2	grade_0_not_observed	grade_0_not_observed	grade_0_not_observed	grade_0_not_observed	grade_0_not_observed	grade_0_not_observed	grade_1	4	0	0	0	0	normal	estimated_from_morphotype_grades_blank_as_absent
CGV022	AGGAGTCCTAGACCTA	/home/rare/arlen/16S_colombian_vaginal_microbiome/data/input_files/CGV022_R1.fastq.gz	/home/rare/arlen/16S_colombian_vaginal_microbiome/data/input_files/CGV022_R2.fastq.gz	CGV022	primary	19	33	56.3	1.66	20.43	1	1	yes	no	yes	no	no	no	no	none	no	no	no	yes	2	1			1	no	no	yes	no	no	no	grade_4	grade_3	grade_2	grade_0_not_observed	grade_0_not_observed	grade_0_not_observed	grade_0_not_observed	grade_0_not_observed	grade_0_not_observed	grade_1	4	0	0	0	0	normal	estimated_from_morphotype_grades_blank_as_absent
CGV023	GCTCAGGATGAACCTT	/home/rare/arlen/16S_colombian_vaginal_microbiome/data/input_files/CGV023_R1.fastq.gz	/home/rare/arlen/16S_colombian_vaginal_microbiome/data/input_files/CGV023_R2.fastq.gz	CGV023	primary	33	21	58	1.55	24.14	4	1	no	no	no	no	no	no	no	none	no	no	yes	no	1				2	no	no	yes	no	no	no	grade_0_not_observed	grade_4	grade_1	grade_0_not_observed	grade_4	grade_3	grade_0_not_observed	grade_0_not_observed	grade_0_not_observed	grade_0_not_observed	4	4	4	0	8	bv	estimated_from_morphotype_grades_blank_as_absent
CGV024	AGGAGTCCTAAGTTCC	/home/rare/arlen/16S_colombian_vaginal_microbiome/data/input_files/CGV024_R1.fastq.gz	/home/rare/arlen/16S_colombian_vaginal_microbiome/data/input_files/CGV024_R2.fastq.gz	CGV024	primary	22	16.3	103.5	1.7	35.81	1	1	no	no	no	no	no	no	no	none	no	no	yes	no	1				2	no	no	yes	no	no	no	grade_0_not_observed	grade_4	grade_3	grade_0_not_observed	grade_4	grade_3	grade_0_not_observed	grade_0_not_observed	grade_0_not_observed	grade_1	4	4	4	0	8	bv	estimated_from_morphotype_grades_blank_as_absent
CGV025	GCTCAGGATAGATCGC	/home/rare/arlen/16S_colombian_vaginal_microbiome/data/input_files/CGV025_R1.fastq.gz	/home/rare/arlen/16S_colombian_vaginal_microbiome/data/input_files/CGV025_R2.fastq.gz	CGV025	primary	30	29	75	1.6	29.3	1	2	no	no	yes	no	no	no	no	none	no	no	yes	no	3	1	1		1	no	no	yes	no	no	no	grade_4	grade_4	grade_3	grade_0_not_observed	grade_0_not_observed	grade_0_not_observed	grade_0_not_observed	grade_0_not_observed	grade_0_not_observed	grade_0_not_observed	4	0	0	0	0	normal	estimated_from_morphotype_grades_blank_as_absent
CGV026	GCTCAGGAAAGGAGTA	/home/rare/arlen/16S_colombian_vaginal_microbiome/data/input_files/CGV026_R1.fastq.gz	/home/rare/arlen/16S_colombian_vaginal_microbiome/data/input_files/CGV026_R2.fastq.gz	CGV026	primary	21	2	52	1.6	20.31	3	1	no	no	no	no	no	no	no	none	no	no	yes	no	1				2	no	no	yes	no	no	no	grade_0_not_observed	grade_4	grade_0_not_observed	grade_0_not_observed	grade_4	grade_3	grade_0_not_observed	grade_0_not_observed	grade_0_not_observed	grade_0_not_observed	3	4	4	0	8	bv	estimated_from_morphotype_grades_blank_as_absent
CGV027	GCTCAGGAACTGCATA	/home/rare/arlen/16S_colombian_vaginal_microbiome/data/input_files/CGV027_R1.fastq.gz	/home/rare/arlen/16S_colombian_vaginal_microbiome/data/input_files/CGV027_R2.fastq.gz	CGV027	primary	28		64	1.65	23.51	3	1	no	no	yes	no	no	no	no	protectors	no	no	yes	yes	2			1	2	no	no	yes	no	no	no	grade_4	grade_4	grade_4	grade_0_not_observed	grade_1	grade_0_not_observed	grade_0_not_observed	grade_0_not_observed	grade_0_not_observed	grade_0_not_observed	4	0	1	0	1	normal	estimated_from_morphotype_grades_blank_as_absent
CGV028	GCTCAGGAATAGAGGC	/home/rare/arlen/16S_colombian_vaginal_microbiome/data/input_files/CGV028_R1.fastq.gz	/home/rare/arlen/16S_colombian_vaginal_microbiome/data/input_files/CGV028_R2.fastq.gz	CGV028	primary	30	35.1	69			3	3	no	no	yes	no	no	no	no	none	no	no	yes	yes	3	1		1	1	no	no	yes	no	yes	no	grade_0_not_observed	grade_2	grade_0_not_observed	grade_1	grade_4	grade_0_not_observed	grade_0_not_observed	grade_0_not_observed	grade_0_not_observed	grade_0_not_observed	4	4	4	0	8	bv	estimated_from_morphotype_grades_blank_as_absent
CGV028B	GCTCAGGACAGGACGT	/home/rare/arlen/16S_colombian_vaginal_microbiome/data/input_files/CGV028B_R1.fastq.gz	/home/rare/arlen/16S_colombian_vaginal_microbiome/data/input_files/CGV028B_R2.fastq.gz	CGV028	technical_b	30	35.1	69			3	3	no	no	yes	no	no	no	no	none	no	no	yes	yes	3	1		1	1	no	no	yes	no	yes	no	grade_0_not_observed	grade_2	grade_0_not_observed	grade_1	grade_4	grade_0_not_observed	grade_0_not_observed	grade_0_not_observed	grade_0_not_observed	grade_0_not_observed	4	4	4	0	8	bv	estimated_from_morphotype_grades_blank_as_absent
CGV029	GCTCAGGACTCTCTAT	/home/rare/arlen/16S_colombian_vaginal_microbiome/data/input_files/CGV029_R1.fastq.gz	/home/rare/arlen/16S_colombian_vaginal_microbiome/data/input_files/CGV029_R2.fastq.gz	CGV029	primary	18		72	1.47	33.32	4	not_reported	no	no	yes	no	yes	yes	no	none	no	no	no	no	2	1			1	no	no	yes	no	no	no	grade_4	grade_3	grade_4	grade_0_not_observed	grade_0_not_observed	grade_0_not_observed	grade_0_not_observed	grade_0_not_observed	grade_0_not_observed	grade_1	4	0	0	0	0	normal	estimated_from_morphotype_grades_blank_as_absent
CGV029dup	AGGAGTCCAGGCGAAG	/home/rare/arlen/16S_colombian_vaginal_microbiome/data/input_files/CGV029dup_R1.fastq.gz	/home/rare/arlen/16S_colombian_vaginal_microbiome/data/input_files/CGV029dup_R2.fastq.gz	CGV029	technical_duplicate	18		72	1.47	33.32	4	not_reported	no	no	yes	no	yes	yes	no	none	no	no	no	no	2	1			1	no	no	yes	no	no	no	grade_4	grade_3	grade_4	grade_0_not_observed	grade_0_not_observed	grade_0_not_observed	grade_0_not_observed	grade_0_not_observed	grade_0_not_observed	grade_1	4	0	0	0	0	normal	estimated_from_morphotype_grades_blank_as_absent
CGV030	GCTCAGGATGTTCTCT	/home/rare/arlen/16S_colombian_vaginal_microbiome/data/input_files/CGV030_R1.fastq.gz	/home/rare/arlen/16S_colombian_vaginal_microbiome/data/input_files/CGV030_R2.fastq.gz	CGV030	primary	19			1.59		5	2	no	no	yes	no	yes	no	no	none	no	no	no	no	2	1			1	no	no	yes	no	no	no	grade_0_not_observed	grade_4	grade_4	grade_0_not_observed	grade_4	grade_3	grade_0_not_observed	grade_0_not_observed	grade_0_not_observed	grade_0_not_observed	3	4	4	0	8	bv	estimated_from_morphotype_grades_blank_as_absent
CGV031	GCTCAGGATAGACCTA	/home/rare/arlen/16S_colombian_vaginal_microbiome/data/input_files/CGV031_R1.fastq.gz	/home/rare/arlen/16S_colombian_vaginal_microbiome/data/input_files/CGV031_R2.fastq.gz	CGV031	primary	30	11	60.3	1.51	26.45	3	1	no	no	yes	no	no	no	no	none	no	no	no	yes	2	1			1	no	no	yes	yes	no	no	grade_3	grade_2	grade_2	grade_0_not_observed	grade_0_not_observed	grade_0_not_observed	grade_0_not_observed	grade_0_not_observed	grade_0_not_observed	grade_0_not_observed	4	1	0	0	1	normal	estimated_from_morphotype_grades_blank_as_absent
CGV031B	AGGAGTCCTAGATCGC	/home/rare/arlen/16S_colombian_vaginal_microbiome/data/input_files/CGV031B_R1.fastq.gz	/home/rare/arlen/16S_colombian_vaginal_microbiome/data/input_files/CGV031B_R2.fastq.gz	CGV031	technical_b	30	11	60.3	1.51	26.45	3	1	no	no	yes	no	no	no	no	none	no	no	no	yes	2	1			1	no	no	yes	yes	no	no	grade_3	grade_2	grade_2	grade_0_not_observed	grade_0_not_observed	grade_0_not_observed	grade_0_not_observed	grade_0_not_observed	grade_0_not_observed	grade_0_not_observed	4	1	0	0	1	normal	estimated_from_morphotype_grades_blank_as_absent
CGV032	AGGAGTCCTAATCTTA	/home/rare/arlen/16S_colombian_vaginal_microbiome/data/input_files/CGV032_R1.fastq.gz	/home/rare/arlen/16S_colombian_vaginal_microbiome/data/input_files/CGV032_R2.fastq.gz	CGV032	primary	26	27	69.6	1.67	24.96	3	1	no	yes	no	no	no	no	no	none	no	no	no	yes	5	2		2	1	yes	no	yes	no	no	no	grade_3	grade_2	grade_1	grade_1	grade_0_not_observed	grade_0_not_observed	grade_0_not_observed	grade_0_not_observed	grade_0_not_observed	grade_0_not_observed	4	1	0	0	1	normal	estimated_from_morphotype_grades_blank_as_absent
CGV033	GCTCAGGACCTAGAGT	/home/rare/arlen/16S_colombian_vaginal_microbiome/data/input_files/CGV033_R1.fastq.gz	/home/rare/arlen/16S_colombian_vaginal_microbiome/data/input_files/CGV033_R2.fastq.gz	CGV033	primary	40	32	68	1.55	28.3	3	1	no	no	yes	yes	no	no	no	protectors	no	no	yes	no	5	2		2	1	no	no	yes	yes	no	no	grade_3	grade_4	grade_3	grade_0_not_observed	grade_2	grade_2	grade_0_not_observed	grade_0_not_observed	grade_0_not_observed	grade_1	4	1	2	0	3	normal	estimated_from_morphotype_grades_blank_as_absent
CGV034	GCTCAGGACTAATCGA	/home/rare/arlen/16S_colombian_vaginal_microbiome/data/input_files/CGV034_R1.fastq.gz	/home/rare/arlen/16S_colombian_vaginal_microbiome/data/input_files/CGV034_R2.fastq.gz	CGV034	primary	38	3	51	1.5	22.67	3	2	no	no	yes	no	yes	yes	no	none	no	no	no	no	6	4		1	1	yes	no	yes	no	no	no	grade_4	grade_4	grade_3	grade_1	grade_0_not_observed	grade_0_not_observed	grade_0_not_observed	grade_0_not_observed	grade_0_not_observed	grade_0_not_observed	4	0	0	0	0	normal	estimated_from_morphotype_grades_blank_as_absent
CGV035	AGGAGTCCTGCTAAGT	/home/rare/arlen/16S_colombian_vaginal_microbiome/data/input_files/CGV035_R1.fastq.gz	/home/rare/arlen/16S_colombian_vaginal_microbiome/data/input_files/CGV035_R2.fastq.gz	CGV035	primary	36	13	80	1.66	29.03	1	1	no	yes	yes	no	no	no	no	not_reported	no	no	no	no	1				2	no	no	yes	no	no	no	grade_4	grade_3	grade_1	grade_0_not_observed	grade_1	grade_0_not_observed	grade_0_not_observed	grade_0_not_observed	grade_0_not_observed	grade_0_not_observed	4	0	1	0	1	normal	estimated_from_morphotype_grades_blank_as_absent
CGV037	AGGAGTCCTAAGACAC	/home/rare/arlen/16S_colombian_vaginal_microbiome/data/input_files/CGV037_R1.fastq.gz	/home/rare/arlen/16S_colombian_vaginal_microbiome/data/input_files/CGV037_R2.fastq.gz	CGV037	primary	34	16	55	1.53	23.5	1	1	no	yes	no	no	yes	yes	no	none	no	no	yes	no	2	1			1	no	no	yes	yes	no	no	grade_3	grade_2	grade_0_not_observed	grade_1	grade_0_not_observed	grade_0_not_observed	grade_0_not_observed	grade_0_not_observed	grade_0_not_observed	grade_0_not_observed	4	1	0	0	1	normal	estimated_from_morphotype_grades_blank_as_absent
CGV038	GCTCAGGATATCCTCT	/home/rare/arlen/16S_colombian_vaginal_microbiome/data/input_files/CGV038_R1.fastq.gz	/home/rare/arlen/16S_colombian_vaginal_microbiome/data/input_files/CGV038_R2.fastq.gz	CGV038	primary	20	12.1	89	1.69	31.16	3	2	no	no	yes	no	yes	no	no	none	no	no	yes	no	2	1			1	no	no	yes	no	no	no	grade_3	grade_2	grade_0_not_observed	grade_1	grade_0_not_observed	grade_0_not_observed	grade_0_not_observed	grade_0_not_observed	grade_0_not_observed	grade_0_not_observed	4	1	0	0	1	normal	estimated_from_morphotype_grades_blank_as_absent
CGV040	AGGAGTCCGTACTGAC	/home/rare/arlen/16S_colombian_vaginal_microbiome/data/input_files/CGV040_R1.fastq.gz	/home/rare/arlen/16S_colombian_vaginal_microbiome/data/input_files/CGV040_R2.fastq.gz	CGV040	primary	15	8	64	1.68	22.68	1	not_reported	no	no	yes	no	yes	no	no	none	no	no	no	no	1				2	no	no	yes	no	no	no	grade_0_not_observed	grade_3	grade_3	grade_0_not_observed	grade_4	grade_3	grade_0_not_observed	grade_0_not_observed	grade_0_not_observed	grade_0_not_observed	4	4	4	0	8	bv	estimated_from_morphotype_grades_blank_as_absent
CGV043	AGGAGTCCGTAAGGAG	/home/rare/arlen/16S_colombian_vaginal_microbiome/data/input_files/CGV043_R1.fastq.gz	/home/rare/arlen/16S_colombian_vaginal_microbiome/data/input_files/CGV043_R2.fastq.gz	CGV043	primary	21	26	57.3	1.55	23.85	3	2	no	no	yes	no	no	no	yes	none	no	no	yes	no	1				2	no	no	yes	no	no	no	grade_4	grade_3	grade_4	grade_0_not_observed	grade_0_not_observed	grade_0_not_observed	grade_0_not_observed	grade_0_not_observed	grade_0_not_observed	grade_0_not_observed	4	0	0	0	0	normal	estimated_from_morphotype_grades_blank_as_absent
CGV045	GCTCAGGATAAGACAC	/home/rare/arlen/16S_colombian_vaginal_microbiome/data/input_files/CGV045_R1.fastq.gz	/home/rare/arlen/16S_colombian_vaginal_microbiome/data/input_files/CGV045_R2.fastq.gz	CGV045	primary	18	33	56	1.69	19.61	3	2	no	no	no	no	yes	no	no	none	no	no	yes	no	1				2	no	no	yes	no	no	no	grade_3	grade_3	grade_4	grade_0_not_observed	grade_0_not_observed	grade_0_not_observed	grade_0_not_observed	grade_0_not_observed	grade_0_not_observed	grade_0_not_observed	3	1	0	0	1	normal	estimated_from_morphotype_grades_blank_as_absent
CGV046	AGGAGTCCTATAGCCT	/home/rare/arlen/16S_colombian_vaginal_microbiome/data/input_files/CGV046_R1.fastq.gz	/home/rare/arlen/16S_colombian_vaginal_microbiome/data/input_files/CGV046_R2.fastq.gz	CGV046	primary	30	2.7	61	1.54	25.72	1	1	no	no	yes	no	no	no	no	protectors	no	no	yes	yes	5	3		1	1	yes	yes	yes	yes	no	yes	grade_1	grade_2	grade_0_not_observed	grade_0_not_observed	grade_0_not_observed	grade_0_not_observed	grade_0_not_observed	grade_0_not_observed	grade_0_not_observed	grade_0_not_observed	4	3	0	0	3	normal	estimated_from_morphotype_grades_blank_as_absent
CGV047	GCTCAGGACGTCTAAT	/home/rare/arlen/16S_colombian_vaginal_microbiome/data/input_files/CGV047_R1.fastq.gz	/home/rare/arlen/16S_colombian_vaginal_microbiome/data/input_files/CGV047_R2.fastq.gz	CGV047	primary	21	30.6	87.2	1.64	32.42	3	1	no	yes	no	no	yes	no	no	none	no	no	no	no	1				2	no	no	yes	yes	no	no	grade_0_not_observed	grade_2	grade_0_not_observed	grade_1	grade_4	grade_0_not_observed	grade_0_not_observed	grade_0_not_observed	grade_0_not_observed	grade_0_not_observed	4	4	4	0	8	bv	estimated_from_morphotype_grades_blank_as_absent
CGV062	AGGAGTCCAAGGAGTA	/home/rare/arlen/16S_colombian_vaginal_microbiome/data/input_files/CGV062_R1.fastq.gz	/home/rare/arlen/16S_colombian_vaginal_microbiome/data/input_files/CGV062_R2.fastq.gz	CGV062	primary	31	37	85	1.51	37.28	3	1	no	no	no	no	no	no	no	none	no	no	no	no	2	1			1	no	no	yes	no	no	no	grade_0_not_observed	grade_0_not_observed	grade_0_not_observed	grade_0_not_observed	grade_4	grade_2	grade_0_not_observed	grade_0_not_observed	grade_0_not_observed	grade_0_not_observed	4	4	4	0	8	bv	estimated_from_morphotype_grades_blank_as_absent
CGV066	AGGAGTCCCCTATCCT	/home/rare/arlen/16S_colombian_vaginal_microbiome/data/input_files/CGV066_R1.fastq.gz	/home/rare/arlen/16S_colombian_vaginal_microbiome/data/input_files/CGV066_R2.fastq.gz	CGV066	primary	27	6	64.3	1.65	23.62	3	1	no	no	no	no	no	no	no	none	no	no	yes	yes	3	2			1	no	no	yes	no	no	no	grade_0_not_observed	grade_0_not_observed	grade_3	grade_0_not_observed	grade_4	grade_2	grade_4	grade_0_not_observed	grade_0_not_observed	grade_0_not_observed	4	4	4	2	10	bv	estimated_from_morphotype_grades_blank_as_absent
CGV069	AGGAGTCCTTCTAGCT	/home/rare/arlen/16S_colombian_vaginal_microbiome/data/input_files/CGV069_R1.fastq.gz	/home/rare/arlen/16S_colombian_vaginal_microbiome/data/input_files/CGV069_R2.fastq.gz	CGV069	primary	21	7	86	1.67	30.84	3	1	no	no	yes	no	yes	no	no	none	no	no	no	no	1				2	no	no	yes	yes	no	yes	grade_0_not_observed	grade_0_not_observed	grade_3	grade_0_not_observed	grade_4	grade_3	grade_4	grade_0_not_observed	grade_2	grade_0_not_observed	4	4	4	2	10	bv	estimated_from_morphotype_grades_blank_as_absent
CGV081	GCTCAGGATCGACTAG	/home/rare/arlen/16S_colombian_vaginal_microbiome/data/input_files/CGV081_R1.fastq.gz	/home/rare/arlen/16S_colombian_vaginal_microbiome/data/input_files/CGV081_R2.fastq.gz	CGV081	primary	31	17.1	75.9	1.65	27.88	3	1	no	no	no	no	no	no	no	protectors	no	no	no	yes	2	1			1	no	no	yes	no	no	no	grade_3	grade_4	grade_4	grade_0_not_observed	grade_0_not_observed	grade_0_not_observed	grade_0_not_observed	grade_0_not_observed	grade_0_not_observed	grade_0_not_observed	4	1	0	0	1	normal	estimated_from_morphotype_grades_blank_as_absent
CGV083	AGGAGTCCTCGACTAG	/home/rare/arlen/16S_colombian_vaginal_microbiome/data/input_files/CGV083_R1.fastq.gz	/home/rare/arlen/16S_colombian_vaginal_microbiome/data/input_files/CGV083_R2.fastq.gz	CGV083	primary	29	125	60	1.59	23.73	3	2	no	no	no	no	no	no	no	none	no	no	no	no	3		1	1	1	yes	no	yes	yes	no	no	grade_4	grade_0_not_observed	grade_4	grade_0_not_observed	grade_0_not_observed	grade_0_not_observed	grade_0_not_observed	grade_0_not_observed	grade_0_not_observed	grade_1	4	0	0	0	0	normal	estimated_from_morphotype_grades_blank_as_absent
CGV088	AGGAGTCCACTGCATA	/home/rare/arlen/16S_colombian_vaginal_microbiome/data/input_files/CGV088_R1.fastq.gz	/home/rare/arlen/16S_colombian_vaginal_microbiome/data/input_files/CGV088_R2.fastq.gz	CGV088	primary	19	7	67.2	1.57	27.26	5	1	no	no	yes	no	yes	no	no	none	no	no	no	yes	2			1	2	not_reported	not_reported	yes	no	no	yes	grade_0_not_observed	grade_0_not_observed	grade_0_not_observed	grade_0_not_observed	grade_4	grade_4	grade_0_not_observed	grade_0_not_observed	grade_0_not_observed	grade_0_not_observed	3	4	4	0	8	bv	estimated_from_morphotype_grades_blank_as_absent
CGV089	GCTCAGGATATAGCCT	/home/rare/arlen/16S_colombian_vaginal_microbiome/data/input_files/CGV089_R1.fastq.gz	/home/rare/arlen/16S_colombian_vaginal_microbiome/data/input_files/CGV089_R2.fastq.gz	CGV089	primary	19	13	59.5	1.62	22.67	3	1	no	no	no	no	no	no	no	douches	no	no	no	no	2			1	2	yes	not_reported	yes	no	no	yes	grade_0_not_observed	grade_0_not_observed	grade_1	grade_0_not_observed	grade_4	grade_4	grade_0_not_observed	grade_0_not_observed	grade_0_not_observed	grade_0_not_observed	3	4	4	0	8	bv	estimated_from_morphotype_grades_blank_as_absent
CGV095	AGGAGTCCCTAGAACA	/home/rare/arlen/16S_colombian_vaginal_microbiome/data/input_files/CGV095_R1.fastq.gz	/home/rare/arlen/16S_colombian_vaginal_microbiome/data/input_files/CGV095_R2.fastq.gz	CGV095	primary	18	4	69	1.57	27.99	3	1	no	no	yes	no	no	no	no	none	no	no	no	no	1				2	not_reported	not_reported	yes	no	no	no	grade_0_not_observed	grade_0_not_observed	grade_1	grade_0_not_observed	grade_4	grade_2	grade_4	grade_0_not_observed	grade_1	grade_0_not_observed	3	4	4	2	10	bv	estimated_from_morphotype_grades_blank_as_absent
CGV097	GCTCAGGAAGGCGAAG	/home/rare/arlen/16S_colombian_vaginal_microbiome/data/input_files/CGV097_R1.fastq.gz	/home/rare/arlen/16S_colombian_vaginal_microbiome/data/input_files/CGV097_R2.fastq.gz	CGV097	primary	29	20	62.4	1.54	26.31	3	1	no	no	no	no	no	no	no	none	no	no	no	no	3	2			1	not_reported	yes	yes	no	no	no	grade_0_not_observed	grade_0_not_observed	grade_1	grade_0_not_observed	grade_4	grade_3	grade_4	grade_0_not_observed	grade_0_not_observed	grade_0_not_observed	3	4	4	2	10	bv	estimated_from_morphotype_grades_blank_as_absent
CGV102	GCTCAGGATTCTAGCT	/home/rare/arlen/16S_colombian_vaginal_microbiome/data/input_files/CGV102_R1.fastq.gz	/home/rare/arlen/16S_colombian_vaginal_microbiome/data/input_files/CGV102_R2.fastq.gz	CGV102	primary	25	12	70	1.62	26.67	5	1	no	no	yes	no	no	no	no	protectors	no	no	yes	no	2	1			1	no	no	yes	no	no	yes	grade_4	grade_4	grade_4	grade_0_not_observed	grade_0_not_observed	grade_0_not_observed	grade_0_not_observed	grade_0_not_observed	grade_2	grade_1	4	0	0	0	0	normal	estimated_from_morphotype_grades_blank_as_absent
CGV105	AGGAGTCCTGTTCTCT	/home/rare/arlen/16S_colombian_vaginal_microbiome/data/input_files/CGV105_R1.fastq.gz	/home/rare/arlen/16S_colombian_vaginal_microbiome/data/input_files/CGV105_R2.fastq.gz	CGV105	primary	31	12.5	58	1.65	21.3	3	2	no	no	no	no	no	no	no	douches	no	no	no	yes	3	1		1	1	yes	no	yes	no	no	no	grade_0_not_observed	grade_0_not_observed	grade_0_not_observed	grade_0_not_observed	grade_4	grade_3	grade_0_not_observed	grade_0_not_observed	grade_0_not_observed	grade_0_not_observed	3	4	4	0	8	bv	estimated_from_morphotype_grades_blank_as_absent
CGV50	AGGAGTCCATAGAGGC	/home/rare/arlen/16S_colombian_vaginal_microbiome/data/input_files/CGV50_R1.fastq.gz	/home/rare/arlen/16S_colombian_vaginal_microbiome/data/input_files/CGV50_R2.fastq.gz	CGV50	primary	34	24.2	70.6	1.63	26.57	3	1	no	no	yes	no	no	yes	no	none	no	no	yes	yes	5	1	1	2	1	yes	yes	yes	no	no	no	grade_1	grade_3	grade_4	grade_0_not_observed	grade_0_not_observed	grade_0_not_observed	grade_0_not_observed	grade_0_not_observed	grade_0_not_observed	grade_0_not_observed	4	3	0	0	3	normal	estimated_from_morphotype_grades_blank_as_absent
CGV60	GCTCAGGAAAGGCTAT	/home/rare/arlen/16S_colombian_vaginal_microbiome/data/input_files/CGV60_R1.fastq.gz	/home/rare/arlen/16S_colombian_vaginal_microbiome/data/input_files/CGV60_R2.fastq.gz	CGV60	primary	29	12	56	1.59	22.15	5	1	no	no	no	no	no	no	no	none	no	no	no	no	1				2	no	no	yes	no	yes	no	grade_0_not_observed	grade_0_not_observed	grade_1	grade_0_not_observed	grade_4	grade_2	grade_0_not_observed	grade_0_not_observed	grade_0_not_observed	grade_0_not_observed	4	4	4	0	8	bv	estimated_from_morphotype_grades_blank_as_absent
