sample-id	barcode-sequence	forward-absolute-filepath	reverse-absolute-filepath	Edad	Etnia	Estrato	Semanas_gestación	Fiebre	Ardor al Orinar	Secreción vaginal	Hinchazón vaginal	Picazón vaginal	Irritación vaginal	Otro	Usa Duchas	Usa Protectores	Ninguno D/P	Peso Kilogramos	Talla Centímetros	Fuma	Bebe	Infección vaginal	Infección Urinaria	Embarazos	Partos	Cesáreas	Abortos	Hijos	Complic Parto 	Comp bebe Nacimiento	Control Prenatal	Enf Aso Embarazo	Uso Antib Prev Embz	Rln Sx 3d Prev Embz	Bcl Gp Lactobacilos	Células epiteliales	PolimorfNc (PMN)	Levauduras	Bcl CocoBcl G() 	Cél Clave Compatibles	Mobilunc Compatible	Bcl Gram(-) Curvos	Bcl Gram(-) 	Hifas y Levaduras	NO; Posit; Negativo
#q2:types	categorical				categorical	categorical	categorical	categorical	categorical	categorical	categorical	categorical	categorical	categorical	categorical	categorical				categorical	categorical	categorical	categorical	categorical	categorical	categorical	categorical	categorical	categorical	categorical	categorical	categorical	categorical	categorical											
CGV001	GCTCAGGATAATCTTA	/home/rare/arlen/16S_colombian_vaginal_microbiome/data/input_files/CGV001_R1.fastq.gz	/home/rare/arlen/16S_colombian_vaginal_microbiome/data/input_files/CGV001_R2.fastq.gz	19	3	2	20	2	2	1	2	2	2	2			3	64.9	1.63	2	2	1	1	1				2	2	2	1	2	2	2	3	2									2
CGV002	AGGAGTCCCTAATCGA	/home/rare/arlen/16S_colombian_vaginal_microbiome/data/input_files/CGV002_R1.fastq.gz	/home/rare/arlen/16S_colombian_vaginal_microbiome/data/input_files/CGV002_R2.fastq.gz	26	3	2	20.6	2	2	1	2	2	2	2			3	56.5	1.56	2	2	1	2	2	1			1	2	1	1	2	2	2	3	1									2
CGV003	AGGAGTCCTCTCTCCG	/home/rare/arlen/16S_colombian_vaginal_microbiome/data/input_files/CGV003_R1.fastq.gz	/home/rare/arlen/16S_colombian_vaginal_microbiome/data/input_files/CGV003_R2.fastq.gz	34	3	2	3	2	2	1	2	2	2	2		2		54.4	1.6	2	2	2	2	5		1	3	1	1	1	1	1	2	2	3	2									2
CGV004	AGGAGTCCTATCCTCT	/home/rare/arlen/16S_colombian_vaginal_microbiome/data/input_files/CGV004_R1.fastq.gz	/home/rare/arlen/16S_colombian_vaginal_microbiome/data/input_files/CGV004_R2.fastq.gz	24	1	2	13.5	2	2	1	2	2	2	2		2		60.1	1.54	2	2	2	2	2	1			1	2	2	1	2	2	2	3	3	3								2
CGV005	AGGAGTCCCCTAGAGT	/home/rare/arlen/16S_colombian_vaginal_microbiome/data/input_files/CGV005_R1.fastq.gz	/home/rare/arlen/16S_colombian_vaginal_microbiome/data/input_files/CGV005_R2.fastq.gz	16	1	1	12.3	2	2	1	1	2	2	2			3	71.7	1.54	2	2	2	2	1				2	2	2	1	2	2	2	4	3	1								2
CGV006	GCTCAGGACTATTAAG	/home/rare/arlen/16S_colombian_vaginal_microbiome/data/input_files/CGV006_R1.fastq.gz	/home/rare/arlen/16S_colombian_vaginal_microbiome/data/input_files/CGV006_R2.fastq.gz	36	3	2	22	2	2	1	2	2	2	2			3	63	1.57	2	2	2	2	2	1			1	2	2	1	2	2	2	3	1									2
CGV007	GCTCAGGAGTAAGGAG	/home/rare/arlen/16S_colombian_vaginal_microbiome/data/input_files/CGV007_R1.fastq.gz	/home/rare/arlen/16S_colombian_vaginal_microbiome/data/input_files/CGV007_R2.fastq.gz	26	3	2	9.3	2	2	1	1	2	2	2			3	88.2	1.68	2	2	2	2	1				2	2	2	2	2	2	2	1		2								2
CGV008	GCTCAGGAAGAGTAGA	/home/rare/arlen/16S_colombian_vaginal_microbiome/data/input_files/CGV008_R1.fastq.gz	/home/rare/arlen/16S_colombian_vaginal_microbiome/data/input_files/CGV008_R2.fastq.gz	20	3	2	21.5	2	2	1	2	2	2	1			3	79.5	1.76	2	2	2	2	1				2	2	2	1	2	2	2	4	2	2								2
CGV009	AGGAGTCCCTCTCTAT	/home/rare/arlen/16S_colombian_vaginal_microbiome/data/input_files/CGV009_R1.fastq.gz	/home/rare/arlen/16S_colombian_vaginal_microbiome/data/input_files/CGV009_R2.fastq.gz	27	1	1	23.5	2	2	1	2	2	2	2			3	64.2	1.53	2	2	2	2	1				2	2	2	1	2	2	2	3	4									2
CGV010	AGGAGTCCCAGGACGT	/home/rare/arlen/16S_colombian_vaginal_microbiome/data/input_files/CGV010_R1.fastq.gz	/home/rare/arlen/16S_colombian_vaginal_microbiome/data/input_files/CGV010_R2.fastq.gz	25	3	1	28.3	2	2	1	2	2	1	2		2		81.3	1.56	2	2	2	2	2	1			1	2	2	1	2	2	2	4	2	2								2
CGV011	AGGAGTCCTGAACCTT	/home/rare/arlen/16S_colombian_vaginal_microbiome/data/input_files/CGV011_R1.fastq.gz	/home/rare/arlen/16S_colombian_vaginal_microbiome/data/input_files/CGV011_R2.fastq.gz	19	3	2	34.1	2	2	1	2	2	1	2	1			52.4	1.6	2	2	1	2	1				2	2	2	2	2	2	2	1	1		1							2
CGV011dup	AGGAGTCCCGTCTAAT	/home/rare/arlen/16S_colombian_vaginal_microbiome/data/input_files/CGV011dup_R1.fastq.gz	/home/rare/arlen/16S_colombian_vaginal_microbiome/data/input_files/CGV011dup_R2.fastq.gz	19	3	2	34.1	2	2	1	2	2	1	2	1			52.4	1.6	2	2	1	2	1				2	2	2	2	2	2	2	1	1									
CGV012	GCTCAGGACCTATCCT	/home/rare/arlen/16S_colombian_vaginal_microbiome/data/input_files/CGV012_R1.fastq.gz	/home/rare/arlen/16S_colombian_vaginal_microbiome/data/input_files/CGV012_R2.fastq.gz	27	1	1	17.1	2	2	1	2	2	2	2			3	59.5	1.58	2	2	1	2	1				2	2	2	1	2	2	2		4		1	4	2					4
CGV013	GCTCAGGATAAGTTCC	/home/rare/arlen/16S_colombian_vaginal_microbiome/data/input_files/CGV013_R1.fastq.gz	/home/rare/arlen/16S_colombian_vaginal_microbiome/data/input_files/CGV013_R2.fastq.gz	32	1	2	11	2	2	1	2	1	2	2			3	60	1.66	2	2	2	2	2		1		1	1	1	1	1	2	2	4	2	2								2
CGV013dup	AGGAGTCCAGAGTAGA	/home/rare/arlen/16S_colombian_vaginal_microbiome/data/input_files/CGV013dup_R1.fastq.gz	/home/rare/arlen/16S_colombian_vaginal_microbiome/data/input_files/CGV013dup_R2.fastq.gz	32	1	2	11	2	2	1	2	1	2	2			3	60	1.66	2	2	2	2	2		1		1	1	1	1	1	2	2	4	2	2								2
CGV014	GCTCAGGATGCTAAGT	/home/rare/arlen/16S_colombian_vaginal_microbiome/data/input_files/CGV014_R1.fastq.gz	/home/rare/arlen/16S_colombian_vaginal_microbiome/data/input_files/CGV014_R2.fastq.gz	20	3		5.1	2	2	1	2	2	2	2			3	61.9	1.7	2	2	2	2	1				2	2	2	1	2	2	2	2	2	1								2
CGV015	AGGAGTCCGGCTCTGA	/home/rare/arlen/16S_colombian_vaginal_microbiome/data/input_files/CGV015_R1.fastq.gz	/home/rare/arlen/16S_colombian_vaginal_microbiome/data/input_files/CGV015_R2.fastq.gz	27	1	1	22.2	2	2	1	2	2	2	2		2		73.4	1.62	2	2	1	1	3	1	1		1	2	1	1	1	2	2		3			4	2	2				3
CGV016	GCTCAGGATCTCTCCG	/home/rare/arlen/16S_colombian_vaginal_microbiome/data/input_files/CGV016_R1.fastq.gz	/home/rare/arlen/16S_colombian_vaginal_microbiome/data/input_files/CGV016_R2.fastq.gz	43	3	1	31.3	2	2	1	2	2	1	2		2		72	1.5	2	2	1	2	5	1	1	2	1	1	2	1	1	2	2	3	2	2								4
CGV017	GCTCAGGACTAAGCCT	/home/rare/arlen/16S_colombian_vaginal_microbiome/data/input_files/CGV017_R1.fastq.gz	/home/rare/arlen/16S_colombian_vaginal_microbiome/data/input_files/CGV017_R2.fastq.gz	21	3	2	36	2	2	1	2	1	2	2			3		1.57	2	2	1	1	1				2	2	2	1	2	2	2		3		1		4	2				3
CGV018	GCTCAGGACTAGAACA	/home/rare/arlen/16S_colombian_vaginal_microbiome/data/input_files/CGV018_R1.fastq.gz	/home/rare/arlen/16S_colombian_vaginal_microbiome/data/input_files/CGV018_R2.fastq.gz	15	1	1	14.1	2	1	1	2	2	2	2			3	67	1.58	2	2	2	2	1				2	2	2	1	2	2	2	1	2	2	1	2						2
CGV018dup	GCTCAGGAGAGCCTTA	/home/rare/arlen/16S_colombian_vaginal_microbiome/data/input_files/CGV018dup_R1.fastq.gz	/home/rare/arlen/16S_colombian_vaginal_microbiome/data/input_files/CGV018dup_R2.fastq.gz	15	1	1	14.1	2	1	1	2	2	2	2			3	67	1.58	2	2	2	2	1				2	2	2	1	2	2	2	1	2	2	1	2						2
CGV019	GCTCAGGAGTACTGAC	/home/rare/arlen/16S_colombian_vaginal_microbiome/data/input_files/CGV019_R1.fastq.gz	/home/rare/arlen/16S_colombian_vaginal_microbiome/data/input_files/CGV019_R2.fastq.gz	33	1	1	15.1	2	2	1	2	1	1	2	1			68.8	1.58	2	2	1	1	2	1			1	2	2	1	2	2	2		4	1			4	4		1		4
CGV020	GCTCAGGAGGCTCTGA	/home/rare/arlen/16S_colombian_vaginal_microbiome/data/input_files/CGV020_R1.fastq.gz	/home/rare/arlen/16S_colombian_vaginal_microbiome/data/input_files/CGV020_R2.fastq.gz	21	3	1	21.4	2	2	1	2	1	1	2			3	60.6	1.59	2	2	2	1	2	1			1	2	2	1	2	2	2	4	3							1		4
CGV021	AGGAGTCCCTAAGCCT	/home/rare/arlen/16S_colombian_vaginal_microbiome/data/input_files/CGV021_R1.fastq.gz	/home/rare/arlen/16S_colombian_vaginal_microbiome/data/input_files/CGV021_R2.fastq.gz	26	1	1	9.4	2	2	2	2	2	2	2			3			2	2	1	2	1				2	2	2	1	2	2	2	4	1	2							1	4
CGV022	AGGAGTCCTAGACCTA	/home/rare/arlen/16S_colombian_vaginal_microbiome/data/input_files/CGV022_R1.fastq.gz	/home/rare/arlen/16S_colombian_vaginal_microbiome/data/input_files/CGV022_R2.fastq.gz	19	1	1	33	1	2	1	2	2	2	2			3	56.3	1.66	2	2	2	1	2	1			1	2	2	1	2	2	2	4	3	2							1	4
CGV023	GCTCAGGATGAACCTT	/home/rare/arlen/16S_colombian_vaginal_microbiome/data/input_files/CGV023_R1.fastq.gz	/home/rare/arlen/16S_colombian_vaginal_microbiome/data/input_files/CGV023_R2.fastq.gz	33	4	1	21	2	2	2	2	2	2	2			3	58	1.55	2	2	1	2	1				2	2	2	1	2	2	2		4	1		4	3					4
CGV024	AGGAGTCCTAAGTTCC	/home/rare/arlen/16S_colombian_vaginal_microbiome/data/input_files/CGV024_R1.fastq.gz	/home/rare/arlen/16S_colombian_vaginal_microbiome/data/input_files/CGV024_R2.fastq.gz	22	1	1	16.3	2	2	2	2	2	2	2			3	103.5	1.7	2	2	1	2	1				2	2	2	1	2	2	2		4	3		4	3				1	4
CGV025	GCTCAGGATAGATCGC	/home/rare/arlen/16S_colombian_vaginal_microbiome/data/input_files/CGV025_R1.fastq.gz	/home/rare/arlen/16S_colombian_vaginal_microbiome/data/input_files/CGV025_R2.fastq.gz	30	1	2	29	2	2	1	2	2	2	2			3	75	1.6	2	2	1	2	3	1	1		1	2	2	1	2	2	2	4	4	3								4
CGV026	GCTCAGGAAAGGAGTA	/home/rare/arlen/16S_colombian_vaginal_microbiome/data/input_files/CGV026_R1.fastq.gz	/home/rare/arlen/16S_colombian_vaginal_microbiome/data/input_files/CGV026_R2.fastq.gz	21	3	1	2	2	2	2	2	2	2	2			3	52	1.6	2	2	1	2	1				2	2	2	1	2	2	2		4			4	3					3
CGV027	GCTCAGGAACTGCATA	/home/rare/arlen/16S_colombian_vaginal_microbiome/data/input_files/CGV027_R1.fastq.gz	/home/rare/arlen/16S_colombian_vaginal_microbiome/data/input_files/CGV027_R2.fastq.gz	28	3	1		2	2	1	2	2	2	2		2		64	1.65	2	2	1	1	2			1	2	2	2	1	2	2	2	4	4	4		1						4
CGV028	GCTCAGGAATAGAGGC	/home/rare/arlen/16S_colombian_vaginal_microbiome/data/input_files/CGV028_R1.fastq.gz	/home/rare/arlen/16S_colombian_vaginal_microbiome/data/input_files/CGV028_R2.fastq.gz	30	3	3	35.1	2	2	1	2	2	2	2			3	69		2	2	1	1	3	1		1	1	2	2	1	2	1	2		2		1	4						4
CGV028B	GCTCAGGACAGGACGT	/home/rare/arlen/16S_colombian_vaginal_microbiome/data/input_files/CGV028B_R1.fastq.gz	/home/rare/arlen/16S_colombian_vaginal_microbiome/data/input_files/CGV028B_R2.fastq.gz	30	3	3	35.1	2	2	1	2	2	2	2			3	69		2	2	1	1	3	1		1	1	2	2	1	2	1	2		2		1	4						4
CGV029	GCTCAGGACTCTCTAT	/home/rare/arlen/16S_colombian_vaginal_microbiome/data/input_files/CGV029_R1.fastq.gz	/home/rare/arlen/16S_colombian_vaginal_microbiome/data/input_files/CGV029_R2.fastq.gz	18	4			2	2	1	2	1	1	2			3	72	1.47	2	2	2	2	2	1			1	2	2	1	2	2	2	4	3	4							1	4
CGV029dup	AGGAGTCCAGGCGAAG	/home/rare/arlen/16S_colombian_vaginal_microbiome/data/input_files/CGV029dup_R1.fastq.gz	/home/rare/arlen/16S_colombian_vaginal_microbiome/data/input_files/CGV029dup_R2.fastq.gz	18	4			2	2	1	2	1	1	2			3	72	1.47	2	2	2	2	2	1			1	2	2	1	2	2	2	4	3	4							1	4
CGV030	GCTCAGGATGTTCTCT	/home/rare/arlen/16S_colombian_vaginal_microbiome/data/input_files/CGV030_R1.fastq.gz	/home/rare/arlen/16S_colombian_vaginal_microbiome/data/input_files/CGV030_R2.fastq.gz	19	5	2		2	2	1	2	1	2	2			3		1.59	2	2	2	2	2	1			1	2	2	1	2	2	2		4	4		4	3					3
CGV031	GCTCAGGATAGACCTA	/home/rare/arlen/16S_colombian_vaginal_microbiome/data/input_files/CGV031_R1.fastq.gz	/home/rare/arlen/16S_colombian_vaginal_microbiome/data/input_files/CGV031_R2.fastq.gz	30	3	1	11	2	2	1	2	2	2	2			3	60.3	1.51	2	2	2	1	2	1			1	2	2	1	1	2	2	3	2	2								4
CGV031B	AGGAGTCCTAGATCGC	/home/rare/arlen/16S_colombian_vaginal_microbiome/data/input_files/CGV031B_R1.fastq.gz	/home/rare/arlen/16S_colombian_vaginal_microbiome/data/input_files/CGV031B_R2.fastq.gz	30	3	1	11	2	2	1	2	2	2	2			3	60.3	1.51	2	2	2	1	2	1			1	2	2	1	1	2	2	3	2	2								4
CGV032	AGGAGTCCTAATCTTA	/home/rare/arlen/16S_colombian_vaginal_microbiome/data/input_files/CGV032_R1.fastq.gz	/home/rare/arlen/16S_colombian_vaginal_microbiome/data/input_files/CGV032_R2.fastq.gz	26	3	1	27	2	1	2	2	2	2	2			3	69.6	1.67	2	2	2	1	5	2		2	1	1	2	1	2	2	2	3	2	1	1							4
CGV033	GCTCAGGACCTAGAGT	/home/rare/arlen/16S_colombian_vaginal_microbiome/data/input_files/CGV033_R1.fastq.gz	/home/rare/arlen/16S_colombian_vaginal_microbiome/data/input_files/CGV033_R2.fastq.gz	40	3	1	32	2	2	1	1	2	2	2		2		68	1.55	2	2	1	2	5	2		2	1	2	2	1	1	2	2	3	4	3		2	2				1	4
CGV034	GCTCAGGACTAATCGA	/home/rare/arlen/16S_colombian_vaginal_microbiome/data/input_files/CGV034_R1.fastq.gz	/home/rare/arlen/16S_colombian_vaginal_microbiome/data/input_files/CGV034_R2.fastq.gz	38	3	2	3	2	2	1	2	1	1	2			3	51	1.5	2	2	2	2	6	4		1	1	1	2	1	2	2	2	4	4	3	1							4
CGV035	AGGAGTCCTGCTAAGT	/home/rare/arlen/16S_colombian_vaginal_microbiome/data/input_files/CGV035_R1.fastq.gz	/home/rare/arlen/16S_colombian_vaginal_microbiome/data/input_files/CGV035_R2.fastq.gz	36	1	1	13	2	1	1	2	2	2	2				80	1.66	2	2	2	2	1				2	2	2	1	2	2	2	4	3	1		1						4
CGV037	AGGAGTCCTAAGACAC	/home/rare/arlen/16S_colombian_vaginal_microbiome/data/input_files/CGV037_R1.fastq.gz	/home/rare/arlen/16S_colombian_vaginal_microbiome/data/input_files/CGV037_R2.fastq.gz	34	1	1	16	2	1	2	2	1	1	2			3	55	1.53	2	2	1	2	2	1			1	2	2	1	1	2	2	3	2		1							4
CGV038	GCTCAGGATATCCTCT	/home/rare/arlen/16S_colombian_vaginal_microbiome/data/input_files/CGV038_R1.fastq.gz	/home/rare/arlen/16S_colombian_vaginal_microbiome/data/input_files/CGV038_R2.fastq.gz	20	3	2	12.1	2	2	1	2	1	2	2			3	89	1.69	2	2	1	2	2	1			1	2	2	1	2	2	2	3	2		1							4
CGV040	AGGAGTCCGTACTGAC	/home/rare/arlen/16S_colombian_vaginal_microbiome/data/input_files/CGV040_R1.fastq.gz	/home/rare/arlen/16S_colombian_vaginal_microbiome/data/input_files/CGV040_R2.fastq.gz	15	1		8	2	2	1	2	1	2	2			3	64	1.68	2	2	2	2	1				2	2	2	1	2	2	2		3	3		4	3					4
CGV043	AGGAGTCCGTAAGGAG	/home/rare/arlen/16S_colombian_vaginal_microbiome/data/input_files/CGV043_R1.fastq.gz	/home/rare/arlen/16S_colombian_vaginal_microbiome/data/input_files/CGV043_R2.fastq.gz	21	3	2	26	2	2	1	2	2	2	1			3	57.3	1.55	2	2	1	2	1				2	2	2	1	2	2	2	4	3	4								4
CGV045	GCTCAGGATAAGACAC	/home/rare/arlen/16S_colombian_vaginal_microbiome/data/input_files/CGV045_R1.fastq.gz	/home/rare/arlen/16S_colombian_vaginal_microbiome/data/input_files/CGV045_R2.fastq.gz	18	3	2	33	2	2	2	2	1	2	2			3	56	1.69	2	2	1	2	1				2	2	2	1	2	2	2	3	3	4								3
CGV046	AGGAGTCCTATAGCCT	/home/rare/arlen/16S_colombian_vaginal_microbiome/data/input_files/CGV046_R1.fastq.gz	/home/rare/arlen/16S_colombian_vaginal_microbiome/data/input_files/CGV046_R2.fastq.gz	30	1	1	2.7	2	2	1	2	2	2	2		2		61	1.54	2	2	1	1	5	3		1	1	1	1	1	1	2	1	1	2									4
CGV047	GCTCAGGACGTCTAAT	/home/rare/arlen/16S_colombian_vaginal_microbiome/data/input_files/CGV047_R1.fastq.gz	/home/rare/arlen/16S_colombian_vaginal_microbiome/data/input_files/CGV047_R2.fastq.gz	21	3	1	30.6	2	1	2	2	1	2	2			3	87.2	1.64	2	2	2	2	1				2	2	2	1	1	2	2		2		1	4						4
CGV062	AGGAGTCCAAGGAGTA	/home/rare/arlen/16S_colombian_vaginal_microbiome/data/input_files/CGV062_R1.fastq.gz	/home/rare/arlen/16S_colombian_vaginal_microbiome/data/input_files/CGV062_R2.fastq.gz	31	3	1	37	2	2	2	2	2	2	2			3	85	1.51	2	2	2	2	2	1			1	2	2	1	2	2	2					4	2					4
CGV066	AGGAGTCCCCTATCCT	/home/rare/arlen/16S_colombian_vaginal_microbiome/data/input_files/CGV066_R1.fastq.gz	/home/rare/arlen/16S_colombian_vaginal_microbiome/data/input_files/CGV066_R2.fastq.gz	27	3	1	6	2	2	2	2	2	2	2			3	64.3	1.65	2	2	1	1	3	2			1	2	2	1	2	2	2			3		4	2	4				4
CGV069	AGGAGTCCTTCTAGCT	/home/rare/arlen/16S_colombian_vaginal_microbiome/data/input_files/CGV069_R1.fastq.gz	/home/rare/arlen/16S_colombian_vaginal_microbiome/data/input_files/CGV069_R2.fastq.gz	21	3	1	7	2	2	1	2	1	2	2			3	86	1.67	2	2	2	2	1				2	2	2	1	1	2	1			3		4	3	4		2		4
CGV081	GCTCAGGATCGACTAG	/home/rare/arlen/16S_colombian_vaginal_microbiome/data/input_files/CGV081_R1.fastq.gz	/home/rare/arlen/16S_colombian_vaginal_microbiome/data/input_files/CGV081_R2.fastq.gz	31	3	1	17.1	2	2	2	2	2	2	2		2		75.9	1.65	2	2	2	1	2	1			1	2	2	1	2	2	2	3	4	4								4
CGV083	AGGAGTCCTCGACTAG	/home/rare/arlen/16S_colombian_vaginal_microbiome/data/input_files/CGV083_R1.fastq.gz	/home/rare/arlen/16S_colombian_vaginal_microbiome/data/input_files/CGV083_R2.fastq.gz	29	3	2	125	2	2	2	2	2	2	2			3	60	1.59	2	2	2	2	3		1	1	1	1	2	1	1	2	2	4		4							1	4
CGV088	AGGAGTCCACTGCATA	/home/rare/arlen/16S_colombian_vaginal_microbiome/data/input_files/CGV088_R1.fastq.gz	/home/rare/arlen/16S_colombian_vaginal_microbiome/data/input_files/CGV088_R2.fastq.gz	19	5	1	7	2	2	1	2	1	2	2			3	67.2	1.57	2	2	2	1	2			1	2			1	2	2	1					4	4					3
CGV089	GCTCAGGATATAGCCT	/home/rare/arlen/16S_colombian_vaginal_microbiome/data/input_files/CGV089_R1.fastq.gz	/home/rare/arlen/16S_colombian_vaginal_microbiome/data/input_files/CGV089_R2.fastq.gz	19	3	1	13	2	2	2	2	2	2	2	1			59.5	1.62	2	2	2	2	2			1	2	1		1	2	2	1			1		4	4					3
CGV095	AGGAGTCCCTAGAACA	/home/rare/arlen/16S_colombian_vaginal_microbiome/data/input_files/CGV095_R1.fastq.gz	/home/rare/arlen/16S_colombian_vaginal_microbiome/data/input_files/CGV095_R2.fastq.gz	18	3	1	4	2	2	1	2	2	2	2			3	69	1.57	2	2	2	2	1				2			1	2	2	2			1		4	2	4		1		3
CGV097	GCTCAGGAAGGCGAAG	/home/rare/arlen/16S_colombian_vaginal_microbiome/data/input_files/CGV097_R1.fastq.gz	/home/rare/arlen/16S_colombian_vaginal_microbiome/data/input_files/CGV097_R2.fastq.gz	29	3	1	20	2	2	2	2	2	2	2			3	62.4	1.54	2	2	2	2	3	2			1		1	1	2	2	2			1		4	3	4				3
CGV102	GCTCAGGATTCTAGCT	/home/rare/arlen/16S_colombian_vaginal_microbiome/data/input_files/CGV102_R1.fastq.gz	/home/rare/arlen/16S_colombian_vaginal_microbiome/data/input_files/CGV102_R2.fastq.gz	25	5	1	12	2	2	1	2	2	2	2		2		70	1.62	2	2	1	2	2	1			1	2	2	1	2	2	1	4	4	4						2	1	4
CGV105	AGGAGTCCTGTTCTCT	/home/rare/arlen/16S_colombian_vaginal_microbiome/data/input_files/CGV105_R1.fastq.gz	/home/rare/arlen/16S_colombian_vaginal_microbiome/data/input_files/CGV105_R2.fastq.gz	31	3	2	12.5	2	2	2	2	2	2	2	1			58	1.65	2	2	2	1	3	1		1	1	1	2	1	2	2	2					4	3					3
CGV50	AGGAGTCCATAGAGGC	/home/rare/arlen/16S_colombian_vaginal_microbiome/data/input_files/CGV50_R1.fastq.gz	/home/rare/arlen/16S_colombian_vaginal_microbiome/data/input_files/CGV50_R2.fastq.gz	34	3	1	24.2	2	2	1	2	2	1	2			3	70.6	1.63	2	2	1	1	5	1	1	2	1	1	1	1	2	2	2	1	3	4								4
CGV60	GCTCAGGAAAGGCTAT	/home/rare/arlen/16S_colombian_vaginal_microbiome/data/input_files/CGV60_R1.fastq.gz	/home/rare/arlen/16S_colombian_vaginal_microbiome/data/input_files/CGV60_R2.fastq.gz	29	5	1	12	2	2	2	2	2	2	2			3	56	1.59	2	2	2	2	1				2	2	2	1	2	1	2			1		4	2					4
