sample-id	SampleType	Edad	Etnia	Estrato	Semanas_gestación	Fiebre	Ardor al Orinar	Secreción vaginal	Hinchazón vaginal	Picazón vaginal	Irritación vaginal	Otro	Usa Duchas	Usa Protectores	Ninguno D/P	Peso Kilogramos	Talla Centímetros	Fuma	Bebe	Infección vaginal	Infección Urinaria	Embarazos	Partos	Cesáreas	Abortos	Hijos	Complic Parto	Comp bebe Nacimiento	Control Prenatal	Enf Aso Embarazo	Uso Antib Prev Embz	Rln Sx 3d Prev Embz	Bcl Gp Lactobacilos	Células epiteliales	PolimorfNc (PMN)	Levauduras	Bcl CocoBcl G()	Cél Clave Compatibles	Mobilunc Compatible	Bcl Gram(-) Curvos	Bcl Gram(-)	Hifas y Levaduras	NO; Posit; Negativo	forward-absolute-filepath	reverse-absolute-filepath
CGV001	GCTCAGGATAATCTTA	19	3	2.0	20.0	2	2	1	2	2	2	2			3.0	64.9	1.63	2	2	1	1	1				2	2.0	2.0	1	2	2	2	3.0	2.0									2.0	/home/rare/arlen/16S_colombian_vaginal_microbiome/data/input_files/CGV001_R1.fastq.gz	/home/rare/arlen/16S_colombian_vaginal_microbiome/data/input_files/CGV001_R2.fastq.gz
CGV003	AGGAGTCCTCTCTCCG	34	3	2.0	3.0	2	2	1	2	2	2	2		2.0		54.4	1.6	2	2	2	2	5		1.0	3.0	1	1.0	1.0	1	1	2	2	3.0	2.0									2.0	/home/rare/arlen/16S_colombian_vaginal_microbiome/data/input_files/CGV003_R1.fastq.gz	/home/rare/arlen/16S_colombian_vaginal_microbiome/data/input_files/CGV003_R2.fastq.gz
CGV005	AGGAGTCCCCTAGAGT	16	1	1.0	12.3	2	2	1	1	2	2	2			3.0	71.7	1.54	2	2	2	2	1				2	2.0	2.0	1	2	2	2	4.0	3.0	1.0								2.0	/home/rare/arlen/16S_colombian_vaginal_microbiome/data/input_files/CGV005_R1.fastq.gz	/home/rare/arlen/16S_colombian_vaginal_microbiome/data/input_files/CGV005_R2.fastq.gz
CGV006	GCTCAGGACTATTAAG	36	3	2.0	22.0	2	2	1	2	2	2	2			3.0	63.0	1.57	2	2	2	2	2	1.0			1	2.0	2.0	1	2	2	2	3.0	1.0									2.0	/home/rare/arlen/16S_colombian_vaginal_microbiome/data/input_files/CGV006_R1.fastq.gz	/home/rare/arlen/16S_colombian_vaginal_microbiome/data/input_files/CGV006_R2.fastq.gz
CGV008	GCTCAGGAAGAGTAGA	20	3	2.0	21.5	2	2	1	2	2	2	1			3.0	79.5	1.76	2	2	2	2	1				2	2.0	2.0	1	2	2	2	4.0	2.0	2.0								2.0	/home/rare/arlen/16S_colombian_vaginal_microbiome/data/input_files/CGV008_R1.fastq.gz	/home/rare/arlen/16S_colombian_vaginal_microbiome/data/input_files/CGV008_R2.fastq.gz
CGV009	AGGAGTCCCTCTCTAT	27	1	1.0	23.5	2	2	1	2	2	2	2			3.0	64.2	1.53	2	2	2	2	1				2	2.0	2.0	1	2	2	2	3.0	4.0									2.0	/home/rare/arlen/16S_colombian_vaginal_microbiome/data/input_files/CGV009_R1.fastq.gz	/home/rare/arlen/16S_colombian_vaginal_microbiome/data/input_files/CGV009_R2.fastq.gz
CGV010	AGGAGTCCCAGGACGT	25	3	1.0	28.3	2	2	1	2	2	1	2		2.0		81.3	1.56	2	2	2	2	2	1.0			1	2.0	2.0	1	2	2	2	4.0	2.0	2.0								2.0	/home/rare/arlen/16S_colombian_vaginal_microbiome/data/input_files/CGV010_R1.fastq.gz	/home/rare/arlen/16S_colombian_vaginal_microbiome/data/input_files/CGV010_R2.fastq.gz
CGV011dup	AGGAGTCCCGTCTAAT	19	3	2.0	34.1	2	2	1	2	2	1	2	1.0			52.4	1.6	2	2	1	2	1				2	2.0	2.0	2	2	2	2	1.0	1.0										/home/rare/arlen/16S_colombian_vaginal_microbiome/data/input_files/CGV011dup_R1.fastq.gz	/home/rare/arlen/16S_colombian_vaginal_microbiome/data/input_files/CGV011dup_R2.fastq.gz
CGV013	GCTCAGGATAAGTTCC	32	1	2.0	11.0	2	2	1	2	1	2	2			3.0	60.0	1.66	2	2	2	2	2		1.0		1	1.0	1.0	1	1	2	2	4.0	2.0	2.0								2.0	/home/rare/arlen/16S_colombian_vaginal_microbiome/data/input_files/CGV013_R1.fastq.gz	/home/rare/arlen/16S_colombian_vaginal_microbiome/data/input_files/CGV013_R2.fastq.gz
CGV013dup	AGGAGTCCAGAGTAGA	32	1	2.0	11.0	2	2	1	2	1	2	2			3.0	60.0	1.66	2	2	2	2	2		1.0		1	1.0	1.0	1	1	2	2	4.0	2.0	2.0								2.0	/home/rare/arlen/16S_colombian_vaginal_microbiome/data/input_files/CGV013dup_R1.fastq.gz	/home/rare/arlen/16S_colombian_vaginal_microbiome/data/input_files/CGV013dup_R2.fastq.gz
CGV015	AGGAGTCCGGCTCTGA	27	1	1.0	22.2	2	2	1	2	2	2	2		2.0		73.4	1.62	2	2	1	1	3	1.0	1.0		1	2.0	1.0	1	1	2	2		3.0			4.0	2.0	2.0				3.0	/home/rare/arlen/16S_colombian_vaginal_microbiome/data/input_files/CGV015_R1.fastq.gz	/home/rare/arlen/16S_colombian_vaginal_microbiome/data/input_files/CGV015_R2.fastq.gz
CGV016	GCTCAGGATCTCTCCG	43	3	1.0	31.3	2	2	1	2	2	1	2		2.0		72.0	1.5	2	2	1	2	5	1.0	1.0	2.0	1	1.0	2.0	1	1	2	2	3.0	2.0	2.0								4.0	/home/rare/arlen/16S_colombian_vaginal_microbiome/data/input_files/CGV016_R1.fastq.gz	/home/rare/arlen/16S_colombian_vaginal_microbiome/data/input_files/CGV016_R2.fastq.gz
CGV018dup	GCTCAGGAGAGCCTTA	15	1	1.0	14.1	2	1	1	2	2	2	2			3.0	67.0	1.58	2	2	2	2	1				2	2.0	2.0	1	2	2	2	1.0	2.0	2.0	1.0	2.0						2.0	/home/rare/arlen/16S_colombian_vaginal_microbiome/data/input_files/CGV018dup_R1.fastq.gz	/home/rare/arlen/16S_colombian_vaginal_microbiome/data/input_files/CGV018dup_R2.fastq.gz
CGV019	GCTCAGGAGTACTGAC	33	1	1.0	15.1	2	2	1	2	1	1	2	1.0			68.8	1.58	2	2	1	1	2	1.0			1	2.0	2.0	1	2	2	2		4.0	1.0			4.0	4.0		1.0		4.0	/home/rare/arlen/16S_colombian_vaginal_microbiome/data/input_files/CGV019_R1.fastq.gz	/home/rare/arlen/16S_colombian_vaginal_microbiome/data/input_files/CGV019_R2.fastq.gz
CGV021	AGGAGTCCCTAAGCCT	26	1	1.0	9.4	2	2	2	2	2	2	2			3.0			2	2	1	2	1				2	2.0	2.0	1	2	2	2	4.0	1.0	2.0							1.0	4.0	/home/rare/arlen/16S_colombian_vaginal_microbiome/data/input_files/CGV021_R1.fastq.gz	/home/rare/arlen/16S_colombian_vaginal_microbiome/data/input_files/CGV021_R2.fastq.gz
CGV022	AGGAGTCCTAGACCTA	19	1	1.0	33.0	1	2	1	2	2	2	2			3.0	56.3	1.66	2	2	2	1	2	1.0			1	2.0	2.0	1	2	2	2	4.0	3.0	2.0							1.0	4.0	/home/rare/arlen/16S_colombian_vaginal_microbiome/data/input_files/CGV022_R1.fastq.gz	/home/rare/arlen/16S_colombian_vaginal_microbiome/data/input_files/CGV022_R2.fastq.gz
CGV024	AGGAGTCCTAAGTTCC	22	1	1.0	16.3	2	2	2	2	2	2	2			3.0	103.5	1.7	2	2	1	2	1				2	2.0	2.0	1	2	2	2		4.0	3.0		4.0	3.0				1.0	4.0	/home/rare/arlen/16S_colombian_vaginal_microbiome/data/input_files/CGV024_R1.fastq.gz	/home/rare/arlen/16S_colombian_vaginal_microbiome/data/input_files/CGV024_R2.fastq.gz
CGV026	GCTCAGGAAAGGAGTA	21	3	1.0	2.0	2	2	2	2	2	2	2			3.0	52.0	1.6	2	2	1	2	1				2	2.0	2.0	1	2	2	2		4.0			4.0	3.0					3.0	/home/rare/arlen/16S_colombian_vaginal_microbiome/data/input_files/CGV026_R1.fastq.gz	/home/rare/arlen/16S_colombian_vaginal_microbiome/data/input_files/CGV026_R2.fastq.gz
CGV027	GCTCAGGAACTGCATA	28	3	1.0		2	2	1	2	2	2	2		2.0		64.0	1.65	2	2	1	1	2			1.0	2	2.0	2.0	1	2	2	2	4.0	4.0	4.0		1.0						4.0	/home/rare/arlen/16S_colombian_vaginal_microbiome/data/input_files/CGV027_R1.fastq.gz	/home/rare/arlen/16S_colombian_vaginal_microbiome/data/input_files/CGV027_R2.fastq.gz
CGV028	GCTCAGGAATAGAGGC	30	3	3.0	35.1	2	2	1	2	2	2	2			3.0	69.0		2	2	1	1	3	1.0		1.0	1	2.0	2.0	1	2	1	2		2.0		1.0	4.0						4.0	/home/rare/arlen/16S_colombian_vaginal_microbiome/data/input_files/CGV028_R1.fastq.gz	/home/rare/arlen/16S_colombian_vaginal_microbiome/data/input_files/CGV028_R2.fastq.gz
CGV028B	GCTCAGGACAGGACGT	30	3	3.0	35.1	2	2	1	2	2	2	2			3.0	69.0		2	2	1	1	3	1.0		1.0	1	2.0	2.0	1	2	1	2		2.0		1.0	4.0						4.0	/home/rare/arlen/16S_colombian_vaginal_microbiome/data/input_files/CGV028B_R1.fastq.gz	/home/rare/arlen/16S_colombian_vaginal_microbiome/data/input_files/CGV028B_R2.fastq.gz
CGV031	GCTCAGGATAGACCTA	30	3	1.0	11.0	2	2	1	2	2	2	2			3.0	60.3	1.51	2	2	2	1	2	1.0			1	2.0	2.0	1	1	2	2	3.0	2.0	2.0								4.0	/home/rare/arlen/16S_colombian_vaginal_microbiome/data/input_files/CGV031_R1.fastq.gz	/home/rare/arlen/16S_colombian_vaginal_microbiome/data/input_files/CGV031_R2.fastq.gz
CGV031B	AGGAGTCCTAGATCGC	30	3	1.0	11.0	2	2	1	2	2	2	2			3.0	60.3	1.51	2	2	2	1	2	1.0			1	2.0	2.0	1	1	2	2	3.0	2.0	2.0								4.0	/home/rare/arlen/16S_colombian_vaginal_microbiome/data/input_files/CGV031B_R1.fastq.gz	/home/rare/arlen/16S_colombian_vaginal_microbiome/data/input_files/CGV031B_R2.fastq.gz
CGV032	AGGAGTCCTAATCTTA	26	3	1.0	27.0	2	1	2	2	2	2	2			3.0	69.6	1.67	2	2	2	1	5	2.0		2.0	1	1.0	2.0	1	2	2	2	3.0	2.0	1.0	1.0							4.0	/home/rare/arlen/16S_colombian_vaginal_microbiome/data/input_files/CGV032_R1.fastq.gz	/home/rare/arlen/16S_colombian_vaginal_microbiome/data/input_files/CGV032_R2.fastq.gz
CGV033	GCTCAGGACCTAGAGT	40	3	1.0	32.0	2	2	1	1	2	2	2		2.0		68.0	1.55	2	2	1	2	5	2.0		2.0	1	2.0	2.0	1	1	2	2	3.0	4.0	3.0		2.0	2.0				1.0	4.0	/home/rare/arlen/16S_colombian_vaginal_microbiome/data/input_files/CGV033_R1.fastq.gz	/home/rare/arlen/16S_colombian_vaginal_microbiome/data/input_files/CGV033_R2.fastq.gz
CGV034	GCTCAGGACTAATCGA	38	3	2.0	3.0	2	2	1	2	1	1	2			3.0	51.0	1.5	2	2	2	2	6	4.0		1.0	1	1.0	2.0	1	2	2	2	4.0	4.0	3.0	1.0							4.0	/home/rare/arlen/16S_colombian_vaginal_microbiome/data/input_files/CGV034_R1.fastq.gz	/home/rare/arlen/16S_colombian_vaginal_microbiome/data/input_files/CGV034_R2.fastq.gz
CGV037	AGGAGTCCTAAGACAC	34	1	1.0	16.0	2	1	2	2	1	1	2			3.0	55.0	1.53	2	2	1	2	2	1.0			1	2.0	2.0	1	1	2	2	3.0	2.0		1.0							4.0	/home/rare/arlen/16S_colombian_vaginal_microbiome/data/input_files/CGV037_R1.fastq.gz	/home/rare/arlen/16S_colombian_vaginal_microbiome/data/input_files/CGV037_R2.fastq.gz
CGV038	GCTCAGGATATCCTCT	20	3	2.0	12.1	2	2	1	2	1	2	2			3.0	89.0	1.69	2	2	1	2	2	1.0			1	2.0	2.0	1	2	2	2	3.0	2.0		1.0							4.0	/home/rare/arlen/16S_colombian_vaginal_microbiome/data/input_files/CGV038_R1.fastq.gz	/home/rare/arlen/16S_colombian_vaginal_microbiome/data/input_files/CGV038_R2.fastq.gz
CGV043	AGGAGTCCGTAAGGAG	21	3	2.0	26.0	2	2	1	2	2	2	1			3.0	57.3	1.55	2	2	1	2	1				2	2.0	2.0	1	2	2	2	4.0	3.0	4.0								4.0	/home/rare/arlen/16S_colombian_vaginal_microbiome/data/input_files/CGV043_R1.fastq.gz	/home/rare/arlen/16S_colombian_vaginal_microbiome/data/input_files/CGV043_R2.fastq.gz
CGV046	AGGAGTCCTATAGCCT	30	1	1.0	2.7	2	2	1	2	2	2	2		2.0		61.0	1.54	2	2	1	1	5	3.0		1.0	1	1.0	1.0	1	1	2	1	1.0	2.0									4.0	/home/rare/arlen/16S_colombian_vaginal_microbiome/data/input_files/CGV046_R1.fastq.gz	/home/rare/arlen/16S_colombian_vaginal_microbiome/data/input_files/CGV046_R2.fastq.gz
CGV047	GCTCAGGACGTCTAAT	21	3	1.0	30.6	2	1	2	2	1	2	2			3.0	87.2	1.64	2	2	2	2	1				2	2.0	2.0	1	1	2	2		2.0		1.0	4.0						4.0	/home/rare/arlen/16S_colombian_vaginal_microbiome/data/input_files/CGV047_R1.fastq.gz	/home/rare/arlen/16S_colombian_vaginal_microbiome/data/input_files/CGV047_R2.fastq.gz
CGV050	AGGAGTCCATAGAGGC	34	3	1.0	24.2	2	2	1	2	2	1	2			3.0	70.6	1.63	2	2	1	1	5	1.0	1.0	2.0	1	1.0	1.0	1	2	2	2	1.0	3.0	4.0								4.0	/home/rare/arlen/16S_colombian_vaginal_microbiome/data/input_files/CGV050_R1.fastq.gz	/home/rare/arlen/16S_colombian_vaginal_microbiome/data/input_files/CGV050_R2.fastq.gz
CGV060	GCTCAGGAAAGGCTAT	29	5	1.0	12.0	2	2	2	2	2	2	2			3.0	56.0	1.59	2	2	2	2	1				2	2.0	2.0	1	2	1	2			1.0		4.0	2.0					4.0	/home/rare/arlen/16S_colombian_vaginal_microbiome/data/input_files/CGV060_R1.fastq.gz	/home/rare/arlen/16S_colombian_vaginal_microbiome/data/input_files/CGV060_R2.fastq.gz
CGV066	AGGAGTCCCCTATCCT	27	3	1.0	6.0	2	2	2	2	2	2	2			3.0	64.3	1.65	2	2	1	1	3	2.0			1	2.0	2.0	1	2	2	2			3.0		4.0	2.0	4.0				4.0	/home/rare/arlen/16S_colombian_vaginal_microbiome/data/input_files/CGV066_R1.fastq.gz	/home/rare/arlen/16S_colombian_vaginal_microbiome/data/input_files/CGV066_R2.fastq.gz
CGV069	AGGAGTCCTTCTAGCT	21	3	1.0	7.0	2	2	1	2	1	2	2			3.0	86.0	1.67	2	2	2	2	1				2	2.0	2.0	1	1	2	1			3.0		4.0	3.0	4.0		2.0		4.0	/home/rare/arlen/16S_colombian_vaginal_microbiome/data/input_files/CGV069_R1.fastq.gz	/home/rare/arlen/16S_colombian_vaginal_microbiome/data/input_files/CGV069_R2.fastq.gz
CGV081	GCTCAGGATCGACTAG	31	3	1.0	17.1	2	2	2	2	2	2	2		2.0		75.9	1.65	2	2	2	1	2	1.0			1	2.0	2.0	1	2	2	2	3.0	4.0	4.0								4.0	/home/rare/arlen/16S_colombian_vaginal_microbiome/data/input_files/CGV081_R1.fastq.gz	/home/rare/arlen/16S_colombian_vaginal_microbiome/data/input_files/CGV081_R2.fastq.gz
CGV088	AGGAGTCCACTGCATA	19	5	1.0	7.0	2	2	1	2	1	2	2			3.0	67.2	1.57	2	2	2	1	2			1.0	2			1	2	2	1					4.0	4.0					3.0	/home/rare/arlen/16S_colombian_vaginal_microbiome/data/input_files/CGV088_R1.fastq.gz	/home/rare/arlen/16S_colombian_vaginal_microbiome/data/input_files/CGV088_R2.fastq.gz
CGV097	GCTCAGGAAGGCGAAG	29	3	1.0	20.0	2	2	2	2	2	2	2			3.0	62.4	1.54	2	2	2	2	3	2.0			1		1.0	1	2	2	2			1.0		4.0	3.0	4.0				3.0	/home/rare/arlen/16S_colombian_vaginal_microbiome/data/input_files/CGV097_R1.fastq.gz	/home/rare/arlen/16S_colombian_vaginal_microbiome/data/input_files/CGV097_R2.fastq.gz
CGV102	GCTCAGGATTCTAGCT	25	5	1.0	12.0	2	2	1	2	2	2	2		2.0		70.0	1.62	2	2	1	2	2	1.0			1	2.0	2.0	1	2	2	1	4.0	4.0	4.0						2.0	1.0	4.0	/home/rare/arlen/16S_colombian_vaginal_microbiome/data/input_files/CGV102_R1.fastq.gz	/home/rare/arlen/16S_colombian_vaginal_microbiome/data/input_files/CGV102_R2.fastq.gz
